{
    "Test Accuracy": 0.9549440580586634,
    "Precision": 0.9432940426887544,
    "Recall": 0.9610516066212269,
    "F1-Score": 0.9520900321543408,
    "ROC AUC": 0.989332186084686
}